{"cameraMode":{"drawMode":0,"name":"Shaded","section":"Shading Mode"},"sceneLighting":true,"audioPlay":false,"sceneViewState":{"showFog":true,"showMaterialUpdate":false,"showSkybox":true,"showFlares":true,"showImageEffects":true,"showParticleSystems":true,"showVisualEffectGraphs":true,"m_FxEnabled":true},"in2DMode":false,"pivot":{"x":1.7477710247039796,"y":3.4821133613586427,"z":9.280356407165528},"rotation":{"x":-0.07816271483898163,"y":-0.04126417264342308,"z":0.0032379478216171266,"w":-0.9960809350013733},"size":10.344623565673829,"orthographic":false}