{"count":1,"self":113.7698432,"total":121.46534159999999,"children":{"AgentSendState":{"count":5851,"self":0.0507448,"total":0.10954409999999999,"children":{"CollectObservations":{"count":10539,"self":0.014950999999999999,"total":0.014950999999999999,"children":null},"CollectDiscreteActionMasks":{"count":10539,"self":0.0039895,"total":0.0039895,"children":null},"AgentInfo.ToProto":{"count":10539,"self":0.0179478,"total":0.0398588,"children":{"GenerateSensorData":{"count":10539,"self":0.021911,"total":0.021911,"children":null}}}}},"DecideAction":{"count":5851,"self":7.4317655999999994,"total":7.4317652999999995,"children":null},"AgentAct":{"count":5851,"self":0.15119359999999998,"total":0.1531904,"children":{"AgentInfo.ToProto":{"count":162,"self":0.0010003,"total":0.0019968,"children":{"GenerateSensorData":{"count":162,"self":0.0009965,"total":0.0009965,"children":null}}}}}},"gauges":{"3DBall.CumulativeReward":{"count":162,"max":38.1999741,"min":0.200000167,"runningAverage":3.18641973,"value":38.1999741,"weightedAverage":17.4371185}},"metadata":{"timer_format_version":"0.1.0","start_time_seconds":"1630301510","unity_version":"2020.1.4f1","command_line_arguments":"C:\\Program Files\\Unity\\Hub\\Editor\\2020.1.4f1\\Editor\\Unity.exe -projectpath D:\/30117\/3DBall\/3DBall30117 -useHub -hubIPC -cloudEnvironment production -hubSessionId c9100ec0-094c-11ec-910f-abe8e2698c66","communication_protocol_version":"1.0.0","com.unity.ml-agents_version":"1.0.8","scene_name":"SampleScene","end_time_seconds":"1630301632"}}