{"cameraMode":{"drawMode":0,"name":"Shaded","section":"Shading Mode"},"sceneLighting":true,"audioPlay":false,"sceneViewState":{"showFog":true,"showMaterialUpdate":false,"showSkybox":true,"showFlares":true,"showImageEffects":true,"showParticleSystems":true,"showVisualEffectGraphs":true,"m_FxEnabled":true},"in2DMode":false,"pivot":{"x":7.332221031188965,"y":15.024155616760254,"z":2.3309555053710939},"rotation":{"x":-0.1822783499956131,"y":-0.008261816576123238,"z":0.0015317000215873123,"w":-0.9832121133804321},"size":6.607396125793457,"orthographic":false}